FilmId,MovieName
1,ToyStory(1995)
2,GoldenEye(1995)
3,FourRooms(1995)
4,GetShorty(1995)
5,Copycat(1995)
6,ShanghaiTriad(Yaoayaoyaodaowaipoqiao)-1995
7,TwelveMonkeys(1995)
8,Babe(1995)
9,DeadManWalking(1995)
10,RichardIII(1995)
11,Seven(Se7en)(1995)
12,UsualSuspects
13,MightyAphrodite(1995)
14,Postino
15,Mr.Holland'sOpus(1995)
16,FrenchTwist(Gazonmaudit)(1995)
17,FromDuskTillDawn(1996)
18,WhiteBalloon
19,Antonia'sLine(1995)
20,AngelsandInsects(1995)
21,MuppetTreasureIsland(1996)
22,Braveheart(1995)
23,TaxiDriver(1976)
24,RumbleintheBronx(1995)
25,Birdcage
26,BrothersMcMullen
27,BadBoys(1995)
28,Apollo13(1995)
29,BatmanForever(1995)
30,Belledejour(1967)
31,CrimsonTide(1995)
32,Crumb(1994)
33,Desperado(1995)
34,DoomGeneration
35,FreeWilly2:TheAdventureHome(1995)
36,MadLove(1995)
37,Nadja(1994)
38,Net
39,StrangeDays(1995)
40,ToWongFoo
41,BillyMadison(1995)
42,Clerks(1994)
43,Disclosure(1994)
44,DoloresClaiborne(1994)
45,EatDrinkManWoman(1994)
46,Exotica(1994)
47,EdWood(1994)
48,HoopDreams(1994)
49,I.Q.(1994)
50,StarWars(1977)
51,LegendsoftheFall(1994)
52,MadnessofKingGeorge
53,NaturalBornKillers(1994)
54,Outbreak(1995)
55,Professional
56,PulpFiction(1994)
57,Priest(1994)
58,QuizShow(1994)
59,ThreeColors:Red(1994)
60,ThreeColors:Blue(1993)
61,ThreeColors:White(1994)
62,Stargate(1994)
63,SantaClause
64,ShawshankRedemption
65,What'sEatingGilbertGrape(1993)
66,WhileYouWereSleeping(1995)
67,AceVentura:PetDetective(1994)
68,Crow
69,ForrestGump(1994)
70,FourWeddingsandaFuneral(1994)
71,LionKing
72,Mask
73,Maverick(1994)
74,FasterPussycat!Kill!Kill!(1965)
75,BrotherMinister:TheAssassinationofMalcolmX(1994)
76,Carlito'sWay(1993)
77,Firm
78,FreeWilly(1993)
79,Fugitive
80,HotShots!PartDeux(1993)
81,HudsuckerProxy
82,JurassicPark(1993)
83,MuchAdoAboutNothing(1993)
84,RobertA.Heinlein'sThePuppetMasters(1994)
85,Ref
86,RemainsoftheDay
87,SearchingforBobbyFischer(1993)
88,SleeplessinSeattle(1993)
89,BladeRunner(1982)
90,SoIMarriedanAxeMurderer(1993)
91,NightmareBeforeChristmas
92,TrueRomance(1993)
93,WelcometotheDollhouse(1995)
94,HomeAlone(1990)
95,Aladdin(1992)
96,Terminator2:JudgmentDay(1991)
97,DanceswithWolves(1990)
98,SilenceoftheLambs
99,SnowWhiteandtheSevenDwarfs(1937)
100,Fargo(1996)
101,HeavyMetal(1981)
102,Aristocats
103,AllDogsGotoHeaven2(1996)
104,TheodoreRex(1995)
105,Sgt.Bilko(1996)
106,Diabolique(1996)
107,MollFlanders(1996)
108,KidsintheHall:BrainCandy(1996)
109,MysteryScienceTheater3000:TheMovie(1996)
110,OperationDumboDrop(1995)
111,TruthAboutCats&Dogs
112,Flipper(1996)
113,HorsemanontheRoof
114,Wallace&Gromit:TheBestofAardmanAnimation(1996)
115,HauntedWorldofEdwardD.WoodJr.
116,ColdComfortFarm(1995)
117,Rock
118,Twister(1996)
119,MayaLin:AStrongClearVision(1994)
120,Striptease(1996)
121,IndependenceDay(ID4)(1996)
122,CableGuy
123,Frighteners
124,LoneStar(1996)
125,Phenomenon(1996)
126,SpitfireGrill
127,Godfather
128,Supercop(1992)
129,Bound(1996)
130,KansasCity(1996)
131,BreakfastatTiffany's(1961)
132,WizardofOz
133,GonewiththeWind(1939)
134,CitizenKane(1941)
135,2001:ASpaceOdyssey(1968)
136,Mr.SmithGoestoWashington(1939)
137,BigNight(1996)
138,D3:TheMightyDucks(1996)
139,LoveBug
140,HomewardBound:TheIncredibleJourney(1993)
141,20
142,BedknobsandBroomsticks(1971)
143,SoundofMusic
144,DieHard(1988)
145,LawnmowerMan
146,UnhooktheStars(1996)
147,LongKissGoodnight
148,GhostandtheDarkness
149,Jude(1996)
150,Swingers(1996)
151,WillyWonkaandtheChocolateFactory(1971)
152,Sleeper(1973)
153,FishCalledWanda
154,MontyPython'sLifeofBrian(1979)
155,DirtyDancing(1987)
156,ReservoirDogs(1992)
157,Platoon(1986)
158,WeekendatBernie's(1989)
159,BasicInstinct(1992)
160,GlengarryGlenRoss(1992)
161,TopGun(1986)
162,OnGoldenPond(1981)
163,ReturnofthePinkPanther
164,Abyss
165,JeandeFlorette(1986)
166,ManonoftheSpring(Manondessources)(1986)
167,PrivateBenjamin(1980)
168,MontyPythonandtheHolyGrail(1974)
169,WrongTrousers
170,CinemaParadiso(1988)
171,Delicatessen(1991)
172,EmpireStrikesBack
173,PrincessBride
174,RaidersoftheLostArk(1981)
175,Brazil(1985)
176,Aliens(1986)
177,Good
178,12AngryMen(1957)
179,ClockworkOrange
180,ApocalypseNow(1979)
181,ReturnoftheJedi(1983)
182,GoodFellas(1990)
183,Alien(1979)
184,ArmyofDarkness(1993)
185,Psycho(1960)
186,BluesBrothers
187,Godfather:PartII
188,FullMetalJacket(1987)
189,GrandDayOut
190,HenryV(1989)
191,Amadeus(1984)
192,RagingBull(1980)
193,RightStuff
194,Sting
195,Terminator
196,DeadPoetsSociety(1989)
197,Graduate
198,Nikita(LaFemmeNikita)(1990)
199,BridgeontheRiverKwai
200,Shining
201,EvilDeadII(1987)
202,GroundhogDay(1993)
203,Unforgiven(1992)
204,BacktotheFuture(1985)
205,Patton(1970)
206,Akira(1988)
207,CyranodeBergerac(1990)
208,YoungFrankenstein(1974)
209,ThisIsSpinalTap(1984)
210,IndianaJonesandtheLastCrusade(1989)
211,M*A*S*H(1970)
212,UnbearableLightnessofBeing
213,RoomwithaView
214,PinkFloyd-TheWall(1982)
215,FieldofDreams(1989)
216,WhenHarryMetSally...(1989)
217,BramStoker'sDracula(1992)
218,CapeFear(1991)
219,NightmareonElmStreet
220,MirrorHasTwoFaces
221,BreakingtheWaves(1996)
222,StarTrek:FirstContact(1996)
223,SlingBlade(1996)
224,Ridicule(1996)
225,101Dalmatians(1996)
226,DieHard2(1990)
227,StarTrekVI:TheUndiscoveredCountry(1991)
228,StarTrek:TheWrathofKhan(1982)
229,StarTrekIII:TheSearchforSpock(1984)
230,StarTrekIV:TheVoyageHome(1986)
231,BatmanReturns(1992)
232,YoungGuns(1988)
233,UnderSiege(1992)
234,Jaws(1975)
235,MarsAttacks!(1996)
236,CitizenRuth(1996)
237,JerryMaguire(1996)
238,RaisingArizona(1987)
239,Sneakers(1992)
240,BeavisandButt-headDoAmerica(1996)
241,LastoftheMohicans
242,Kolya(1996)
243,Jungle2Jungle(1997)
244,Smilla'sSenseofSnow(1997)
245,Devil'sOwn
246,ChasingAmy(1997)
247,Turbo:APowerRangersMovie(1997)
248,GrossePointeBlank(1997)
249,AustinPowers:InternationalManofMystery(1997)
250,FifthElement
251,ShallWeDance?(1996)
252,LostWorld:JurassicPark
253,PillowBook
254,Batman&Robin(1997)
255,MyBestFriend'sWedding(1997)
256,WhentheCatsAway(Chacuncherchesonchat)(1996)
257,MeninBlack(1997)
258,Contact(1997)
259,GeorgeoftheJungle(1997)
260,EventHorizon(1997)
261,AirBud(1997)
262,IntheCompanyofMen(1997)
263,Steel(1997)
264,Mimic(1997)
265,HuntforRedOctober
266,KulltheConqueror(1997)
267,unknown
268,ChasingAmy(1997)
269,FullMonty
270,Gattaca(1997)
271,StarshipTroopers(1997)
272,GoodWillHunting(1997)
273,Heat(1995)
274,Sabrina(1995)
275,SenseandSensibility(1995)
276,LeavingLasVegas(1995)
277,Restoration(1995)
278,BedofRoses(1996)
279,OnceUponaTime...WhenWeWereColored(1995)
280,UpCloseandPersonal(1996)
281,RiverWild
282,TimetoKill
283,Emma(1996)
284,TinCup(1996)
285,Secrets&Lies(1996)
286,EnglishPatient
287,Marvin'sRoom(1996)
288,Scream(1996)
289,Evita(1996)
290,FierceCreatures(1997)
291,AbsolutePower(1997)
292,Rosewood(1997)
293,DonnieBrasco(1997)
294,LiarLiar(1997)
295,Breakdown(1997)
296,Promesse
297,Ulee'sGold(1997)
298,Face/Off(1997)
299,Hoodlum(1997)
300,AirForceOne(1997)
301,In&Out(1997)
302,L.A.Confidential(1997)
303,Ulee'sGold(1997)
304,FlyAwayHome(1996)
305,IceStorm
306,Mrs.Brown(HerMajesty
307,Devil'sAdvocate
308,FairyTale:ATrueStory(1997)
309,Deceiver(1997)
310,Rainmaker
311,WingsoftheDove
312,MidnightintheGardenofGoodandEvil(1997)
313,Titanic(1997)
314,3Ninjas:HighNoonAtMegaMountain(1998)
315,AptPupil(1998)
316,AsGoodAsItGets(1997)
317,IntheNameoftheFather(1993)
318,Schindler'sList(1993)
319,EveryoneSaysILoveYou(1996)
320,ParadiseLost:TheChildMurdersatRobinHoodHills-1996
321,Mother(1996)
322,Murderat1600(1997)
323,Dante'sPeak(1997)
324,LostHighway(1997)
325,Crash(1996)
326,G.I.Jane(1997)
327,CopLand(1997)
328,ConspiracyTheory(1997)
329,DesperateMeasures(1998)
330,187(1997)
331,Edge
332,KisstheGirls(1997)
333,Game
334,UTurn(1997)
335,HowtoBeaPlayer(1997)
336,PlayingGod(1997)
337,HouseofYes
338,Bean(1997)
339,MadCity(1997)
340,BoogieNights(1997)
341,CriticalCare(1997)
342,ManWhoKnewTooLittle
343,Alien:Resurrection(1997)
344,Apostle
345,DeconstructingHarry(1997)
346,JackieBrown(1997)
347,WagtheDog(1997)
348,DesperateMeasures(1998)
349,HardRain(1998)
350,Fallen(1998)
351,ProphecyII
352,SpiceWorld(1997)
353,DeepRising(1998)
354,WeddingSinger
355,Sphere(1998)
356,Client
357,OneFlewOvertheCuckoo'sNest(1975)
358,Spawn(1997)
359,Assignment
360,Wonderland(1997)
361,Incognito(1997)
362,BluesBrothers2000(1998)
363,SuddenDeath(1995)
364,AceVentura:WhenNatureCalls(1995)
365,Powder(1995)
366,DangerousMinds(1995)
367,Clueless(1995)
368,Bio-Dome(1996)
369,BlackSheep(1996)
370,MaryReilly(1996)
371,BridgesofMadisonCounty
372,Jeffrey(1995)
373,JudgeDredd(1995)
374,MightyMorphinPowerRangers:TheMovie(1995)
375,Showgirls(1995)
376,Houseguest(1994)
377,Heavyweights(1994)
378,Miracleon34thStreet(1994)
379,TalesFromtheCryptPresents:DemonKnight(1995)
380,StarTrek:Generations(1994)
381,Muriel'sWedding(1994)
382,AdventuresofPriscilla
383,Flintstones
384,NakedGun331/3:TheFinalInsult(1994)
385,TrueLies(1994)
386,AddamsFamilyValues(1993)
387,AgeofInnocence
388,BeverlyHillsCopIII(1994)
389,BlackBeauty(1994)
390,FearofaBlackHat(1993)
391,LastActionHero(1993)
392,ManWithoutaFace
393,Mrs.Doubtfire(1993)
394,RadiolandMurders(1994)
395,RobinHood:MeninTights(1993)
396,SerialMom(1994)
397,StrikingDistance(1993)
398,SuperMarioBros.(1993)
399,ThreeMusketeers
400,LittleRascals
401,BradyBunchMovie
402,Ghost(1990)
403,Batman(1989)
404,Pinocchio(1940)
405,Mission:Impossible(1996)
406,Thinner(1996)
407,SpyHard(1996)
408,CloseShave
409,Jack(1996)
410,Kingpin(1996)
411,NuttyProfessor
412,VeryBradySequel
413,TalesfromtheCryptPresents:BordelloofBlood(1996)
414,MyFavoriteYear(1982)
415,AppleDumplingGang
416,OldYeller(1957)
417,ParentTrap
418,Cinderella(1950)
419,MaryPoppins(1964)
420,AliceinWonderland(1951)
421,WilliamShakespeare'sRomeoandJuliet(1996)
422,AladdinandtheKingofThieves(1996)
423,E.T.theExtra-Terrestrial(1982)
424,ChildrenoftheCorn:TheGathering(1996)
425,BobRoberts(1992)
426,Transformers:TheMovie
427,ToKillaMockingbird(1962)
428,HaroldandMaude(1971)
429,DaytheEarthStoodStill
430,DuckSoup(1933)
431,Highlander(1986)
432,Fantasia(1940)
433,Heathers(1989)
434,ForbiddenPlanet(1956)
435,ButchCassidyandtheSundanceKid(1969)
436,AmericanWerewolfinLondon
437,Amityville1992:It'sAboutTime(1992)
438,Amityville3-D(1983)
439,Amityville:ANewGeneration(1993)
440,AmityvilleII:ThePossession(1982)
441,AmityvilleHorror
442,AmityvilleCurse
443,Birds
444,Blob
445,BodySnatcher
446,BurntOfferings(1976)
447,Carrie(1976)
448,Omen
449,StarTrek:TheMotionPicture(1979)
450,StarTrekV:TheFinalFrontier(1989)
451,Grease(1978)
452,Jaws2(1978)
453,Jaws3-D(1983)
454,BastardOutofCarolina(1996)
455,JackieChan'sFirstStrike(1996)
456,BeverlyHillsNinja(1997)
457,FreeWilly3:TheRescue(1997)
458,Nixon(1995)
459,Cry
460,CrossingGuard
461,Smoke(1995)
462,LikeWaterForChocolate(Comoaguaparachocolate)(1992)
463,SecretofRoanInish
464,Vanyaon42ndStreet(1994)
465,JungleBook
466,RedRockWest(1992)
467,BronxTale
468,Rudy(1993)
469,ShortCuts(1993)
470,Tombstone(1993)
471,CourageUnderFire(1996)
472,Dragonheart(1996)
473,JamesandtheGiantPeach(1996)
474,
475,Trainspotting(1996)
476,FirstWivesClub
477,Matilda(1996)
478,PhiladelphiaStory
479,Vertigo(1958)
480,NorthbyNorthwest(1959)
481,Apartment
482,SomeLikeItHot(1959)
483,Casablanca(1942)
484,MalteseFalcon
485,MyFairLady(1964)
486,Sabrina(1954)
487,RomanHoliday(1953)
488,SunsetBlvd.(1950)
489,Notorious(1946)
490,ToCatchaThief(1955)
491,AdventuresofRobinHood
492,EastofEden(1955)
493,ThinMan
494,HisGirlFriday(1940)
495,AroundtheWorldin80Days(1956)
496,It'saWonderfulLife(1946)
497,BringingUpBaby(1938)
498,AfricanQueen
499,CatonaHotTinRoof(1958)
500,FlyAwayHome(1996)
501,Dumbo(1941)
502,Bananas(1971)
503,Candidate
504,BonnieandClyde(1967)
505,DialMforMurder(1954)
506,RebelWithoutaCause(1955)
507,StreetcarNamedDesire
508,Peoplevs.LarryFlynt
509,MyLeftFoot(1989)
510,MagnificentSeven
511,LawrenceofArabia(1962)
512,WingsofDesire(1987)
513,ThirdMan
514,AnnieHall(1977)
515,Boot
516,LocalHero(1983)
517,Manhattan(1979)
518,Miller'sCrossing(1990)
519,TreasureoftheSierraMadre
520,GreatEscape
521,DeerHunter
522,DownbyLaw(1986)
523,CoolHandLuke(1967)
524,GreatDictator
525,BigSleep
526,Ben-Hur(1959)
527,Gandhi(1982)
528,KillingFields
529,MyLifeasaDog(Mittlivsomhund)-1985
530,ManWhoWouldBeKing
531,Shine(1996)
532,KamaSutra:ATaleofLove(1996)
533,Daytrippers
534,Traveller(1997)
535,AddictedtoLove(1997)
536,Ponette(1996)
537,MyOwnPrivateIdaho(1991)
538,Anastasia(1997)
539,MouseHunt(1997)
540,MoneyTrain(1995)
541,MortalKombat(1995)
542,Pocahontas(1995)
543,Misérables
544,ThingstoDoinDenverwhenYou'reDead(1995)
545,VampireinBrooklyn(1995)
546,BrokenArrow(1996)
547,YoungPoisoner'sHandbook
548,NeverEndingStoryIII
549,RobRoy(1995)
550,DieHard:WithaVengeance(1995)
551,LordofIllusions(1995)
552,Species(1995)
553,WalkintheClouds
554,Waterworld(1995)
555,WhiteMan'sBurden(1995)
556,WildBill(1995)
557,Farinelli:ilcastrato(1994)
558,HeavenlyCreatures(1994)
559,InterviewwiththeVampire(1994)
560,KidinKingArthur'sCourt
561,MaryShelley'sFrankenstein(1994)
562,QuickandtheDead
563,StephenKing'sTheLangoliers(1995)
564,TalesfromtheHood(1995)
565,VillageoftheDamned(1995)
566,ClearandPresentDanger(1994)
567,WesCraven'sNewNightmare(1994)
568,Speed(1994)
569,Wolf(1994)
570,WyattEarp(1994)
571,AnotherStakeout(1993)
572,BlownAway(1994)
573,BodySnatchers(1993)
574,BoxingHelena(1993)
575,CitySlickersII:TheLegendofCurly'sGold(1994)
576,Cliffhanger(1993)
577,Coneheads(1993)
578,DemolitionMan(1993)
579,FatalInstinct(1993)
580,EnglishmanWhoWentUpaHill
581,Kalifornia(1993)
582,Piano
583,RomeoIsBleeding(1993)
584,SecretGarden
585,SoninLaw(1993)
586,TerminalVelocity(1994)
587,HourofthePig
588,BeautyandtheBeast(1991)
589,WildBunch
590,Hellraiser:Bloodline(1996)
591,PrimalFear(1996)
592,TrueCrime(1995)
593,Stalingrad(1993)
594,Heavy(1995)
595,Fan
596,HunchbackofNotreDame
597,Eraser(1996)
598,BigSqueeze
599,PoliceStory4:ProjectS(Chaojijihua)-1993
600,DanielDefoe'sRobinsonCrusoe(1996)
601,ForWhomtheBellTolls(1943)
602,AmericaninParis
603,RearWindow(1954)
604,ItHappenedOneNight(1934)
605,MeetMeinSt.Louis(1944)
606,AllAboutEve(1950)
607,Rebecca(1940)
608,Spellbound(1945)
609,FatheroftheBride(1950)
610,Gigi(1958)
611,Laura(1944)
612,LostHorizon(1937)
613,MyManGodfrey(1936)
614,Giant(1956)
615,39Steps
616,NightoftheLivingDead(1968)
617,BlueAngel
618,Picnic(1955)
619,ExtremeMeasures(1996)
620,Chamber
621,DavyCrockett
622,SwissFamilyRobinson(1960)
623,AngelsintheOutfield(1994)
624,ThreeCaballeros
625,SwordintheStone
626,SoDeartoMyHeart(1949)
627,RobinHood:PrinceofThieves(1991)
628,Sleepers(1996)
629,Victor/Victoria(1982)
630,GreatRace
631,CryingGame
632,Sophie'sChoice(1982)
633,ChristmasCarol
634,Microcosmos:Lepeupledel'herbe(1996)
635,Fog
636,EscapefromNewYork(1981)
637,Howling
638,ReturnofMartinGuerre
639,TinDrum
640,CooktheThiefHisWife&HerLover
641,PathsofGlory(1957)
642,Grifters
643,TheInnocent(1994)
644,ThinBlueLine
645,ParisIsBurning(1990)
646,OnceUponaTimeintheWest(1969)
647,Ran(1985)
648,QuietMan
649,OnceUponaTimeinAmerica(1984)
650,SeventhSeal
651,Glory(1989)
652,RosencrantzandGuildensternAreDead(1990)
653,TouchofEvil(1958)
654,Chinatown(1974)
655,StandbyMe(1986)
656,M(1931)
657,ManchurianCandidate
658,PumpUptheVolume(1990)
659,ArsenicandOldLace(1944)
660,FriedGreenTomatoes(1991)
661,HighNoon(1952)
662,SomewhereinTime(1980)
663,BeingThere(1979)
664,Paris
665,Alien3(1992)
666,BloodForDracula(AndyWarhol'sDracula)(1974)
667,AudreyRose(1977)
668,BloodBeach(1981)
669,BodyParts(1991)
670,BodySnatchers(1993)
671,BrideofFrankenstein(1935)
672,Candyman(1992)
673,CapeFear(1962)
674,CatPeople(1982)
675,Nosferatu(Nosferatu
676,Crucible
677,FireontheMountain(1996)
678,Volcano(1997)
679,ConantheBarbarian(1981)
680,KulltheConqueror(1997)
681,Wishmaster(1997)
682,IKnowWhatYouDidLastSummer(1997)
683,RocketMan(1997)
684,IntheLineofFire(1993)
685,ExecutiveDecision(1996)
686,PerfectWorld
687,McHale'sNavy(1997)
688,LeaveIttoBeaver(1997)
689,Jackal
690,SevenYearsinTibet(1997)
691,DarkCity(1998)
692,AmericanPresident
693,Casino(1995)
694,Persuasion(1995)
695,KickingandScreaming(1995)
696,CityHall(1996)
697,BasketballDiaries
698,BrowningVersion
699,LittleWomen(1994)
700,MiamiRhapsody(1995)
701,Wonderful
702,Barcelona(1994)
703,Widows'Peak(1994)
704,HouseoftheSpirits
705,Singin'intheRain(1952)
706,BadMoon(1996)
707,EnchantedApril(1991)
708,Sex
709,StrictlyBallroom(1992)
710,BetterOffDead...(1985)
711,SubstanceofFire
712,TinMen(1987)
713,Othello(1995)
714,Carrington(1995)
715,ToDieFor(1995)
716,HomefortheHolidays(1995)
717,Juror
718,IntheBleakMidwinter(1995)
719,CanadianBacon(1994)
720,FirstKnight(1995)
721,Mallrats(1995)
722,NineMonths(1995)
723,BoysontheSide(1995)
724,CircleofFriends(1995)
725,ExittoEden(1994)
726,Fluke(1995)
727,ImmortalBeloved(1994)
728,Junior(1994)
729,Nell(1994)
730,QueenMargot(ReineMargot
731,Corrina
732,Dave(1993)
733,GoFish(1994)
734,MadeinAmerica(1993)
735,Philadelphia(1993)
736,Shadowlands(1993)
737,Sirens(1994)
738,Threesome(1994)
739,PrettyWoman(1990)
740,JaneEyre(1996)
741,LastSupper
742,Ransom(1996)
743,Crow:CityofAngels
744,MichaelCollins(1996)
745,RulingClass
746,RealGenius(1985)
747,Benny&Joon(1993)
748,Saint
749,MatchMaker
750,Amistad(1997)
751,TomorrowNeverDies(1997)
752,ReplacementKillers
753,BurntBytheSun(1994)
754,RedCorner(1997)
755,Jumanji(1995)
756,FatheroftheBridePartII(1995)
757,AcrosstheSeaofTime(1995)
758,LawnmowerMan2:BeyondCyberspace(1996)
759,FairGame(1995)
760,Screamers(1995)
761,NickofTime(1995)
762,BeautifulGirls(1996)
763,HappyGilmore(1996)
764,IfLucyFell(1996)
765,Boomerang(1992)
766,ManoftheYear(1995)
767,Addiction
768,Casper(1995)
769,Congo(1995)
770,DevilinaBlueDress(1995)
771,JohnnyMnemonic(1995)
772,Kids(1995)
773,MuteWitness(1994)
774,Prophecy
775,SomethingtoTalkAbout(1995)
776,ThreeWishes(1995)
777,CastleFreak(1995)
778,DonJuanDeMarco(1995)
779,DropZone(1994)
780,Dumb&Dumber(1994)
781,FrenchKiss(1995)
782,LittleOdessa(1994)
783,MilkMoney(1994)
784,BeyondBedlam(1993)
785,OnlyYou(1994)
786,PerezFamily
787,Roommates(1995)
788,RelativeFear(1994)
789,SwimmingwithSharks(1995)
790,TommyBoy(1995)
791,Baby-SittersClub
792,BulletsOverBroadway(1994)
793,Crooklyn(1994)
794,ItCouldHappentoYou(1994)
795,RichieRich(1994)
796,Speechless(1994)
797,Timecop(1994)
798,BadCompany(1995)
799,BoysLife(1995)
800,IntheMouthofMadness(1995)
801,AirUpThere
802,HardTarget(1993)
803,Heaven&Earth(1993)
804,JimmyHollywood(1994)
805,ManhattanMurderMystery(1993)
806,MenaceIISociety(1993)
807,PoeticJustice(1993)
808,Program
809,RisingSun(1993)
810,Shadow
811,Thirty-TwoShortFilmsAboutGlennGould(1993)
812,Andre(1994)
813,CelluloidCloset
814,GreatDayinHarlem
815,OneFineDay(1996)
816,Candyman:FarewelltotheFlesh(1995)
817,Frisk(1995)
818,Girl6(1996)
819,Eddie(1996)
820,SpaceJam(1996)
821,Mrs.Winterbourne(1996)
822,Faces(1968)
823,MulhollandFalls(1996)
824,GreatWhiteHype
825,Arrival
826,Phantom
827,Daylight(1996)
828,Alaska(1996)
829,Fled(1996)
830,Power98(1995)
831,EscapefromL.A.(1996)
832,Bogus(1996)
833,Bulletproof(1996)
834,Halloween:TheCurseofMichaelMyers(1995)
835,GayDivorcee
836,Ninotchka(1939)
837,MeetJohnDoe(1941)
838,IntheLineofDuty2(1987)
839,LochNess(1995)
840,LastManStanding(1996)
841,GlimmerMan
842,Pollyanna(1960)
843,ShaggyDog
844,Freeway(1996)
845,ThatThingYouDo!(1996)
846,ToGillianonHer37thBirthday(1996)
847,LookingforRichard(1996)
848,Murder
849,DaysofThunder(1990)
850,PerfectCandidate
851,TwoorThreeThingsIKnowAboutHer(1966)
852,BloodyChild
853,Braindead(1992)
854,BadTaste(1987)
855,Diva(1981)
856,NightonEarth(1991)
857,ParisWasaWoman(1995)
858,Amityville:Dollhouse(1996)
859,AprilFool'sDay(1986)
860,Believers
861,NosferatuaVenezia(1986)
862,JingleAlltheWay(1996)
863,GardenofFinzi-Contini
864,MyFellowAmericans(1996)
865,IceStorm
866,Michael(1996)
867,WholeWideWorld
868,HeartsandMinds(1996)
869,FoolsRushIn(1997)
870,Touch(1997)
871,VegasVacation(1997)
872,LoveJones(1997)
873,PicturePerfect(1997)
874,CareerGirls(1997)
875,She'sSoLovely(1997)
876,MoneyTalks(1997)
877,ExcessBaggage(1997)
878,ThatDarnCat!(1997)
879,Peacemaker
880,SoulFood(1997)
881,MoneyTalks(1997)
882,WashingtonSquare(1997)
883,TellingLiesinAmerica(1997)
884,YearoftheHorse(1997)
885,Phantoms(1998)
886,LifeLessOrdinary
887,Eve'sBayou(1997)
888,OneNightStand(1997)
889,TangoLesson
890,MortalKombat:Annihilation(1997)
891,Bent(1997)
892,Flubber(1997)
893,ForRicherorPoorer(1997)
894,HomeAlone3(1997)
895,Scream2(1997)
896,SweetHereafter
897,TimeTracers(1995)
898,Postman
899,WinterGuest
900,Kundun(1997)
901,Mr.Magoo(1997)
902,BigLebowski
903,Afterglow(1997)
904,Mavieenrose(MyLifeinPink)(1997)
905,GreatExpectations(1998)
906,Oscar&Lucinda(1997)
907,Vermin(1998)
908,HalfBaked(1998)
909,DangerousBeauty(1998)
910,NilByMouth(1997)
911,Twilight(1998)
912,U.S.Marshalls(1998)
913,LoveandDeathonLongIsland(1997)
914,WildThings(1998)
915,PrimaryColors(1998)
916,LostinSpace(1998)
917,MercuryRising(1998)
918,CityofAngels(1998)
919,CityofLostChildren
920,TwoBits(1995)
921,FarewellMyConcubine(1993)
922,DeadMan(1995)
923,RaisetheRedLantern(1991)
924,WhiteSquall(1996)
925,Unforgettable(1996)
926,DownPeriscope(1996)
927,FlowerofMySecret
928,Craft
929,HarriettheSpy(1996)
930,ChainReaction(1996)
931,IslandofDr.Moreau
932,FirstKid(1996)
933,Funeral
934,Preacher'sWife
935,ParadiseRoad(1997)
936,BrassedOff(1996)
937,ThousandAcres
938,SmileLikeYours
939,MurderintheFirst(1995)
940,Airheads(1994)
941,WithHonors(1994)
942,What'sLoveGottoDowithIt(1993)
943,KillingZoe(1994)
944,RenaissanceMan(1994)
945,Charade(1963)
946,FoxandtheHound
947,BigBlue
948,BootyCall(1997)
949,HowtoMakeanAmericanQuilt(1995)
950,Georgia(1995)
951,IndianintheCupboard
952,BlueintheFace(1995)
953,UnstrungHeroes(1995)
954,Unzipped(1995)
955,BeforeSunrise(1995)
956,Nobody'sFool(1994)
957,PushingHands(1992)
958,ToLive(Huozhe)(1994)
959,DazedandConfused(1993)
960,Naked(1993)
961,Orlando(1993)
962,RubyinParadise(1993)
963,SomeFolksCallItaSlingBlade(1993)
964,MonthbytheLake
965,FunnyFace(1957)
966,AffairtoRemember
967,LittleLordFauntleroy(1936)
968,InspectorGeneral
969,WinniethePoohandtheBlusteryDay(1968)
970,HearMySong(1991)
971,Mediterraneo(1991)
972,PassionFish(1992)
973,GratefulDead(1995)
974,EyeforanEye(1996)
975,Fear(1996)
976,Solo(1996)
977,Substitute
978,Heaven'sPrisoners(1996)
979,TriggerEffect
980,MotherNight(1996)
981,DangerousGround(1997)
982,MaximumRisk(1996)
983,RichMan'sWife
984,ShadowConspiracy(1997)
985,Blood&Wine(1997)
986,Turbulence(1997)
987,Underworld(1997)
988,BeauticianandtheBeast
989,CatsDon'tDance(1997)
990,AnnaKarenina(1997)
991,KeystoTulsa(1997)
992,HeadAboveWater(1996)
993,Hercules(1997)
994,LastTimeICommittedSuicide
995,KissMe
996,BigGreen
997,StuartSavesHisFamily(1995)
998,CabinBoy(1994)
999,CleanSlate(1994)
1000,LightningJack(1994)
1001,Stupids
1002,Pest
1003,ThatDarnCat!(1997)
1004,Geronimo:AnAmericanLegend(1993)
1005,DoubleviedeVéronique
1006,
1007,WaitingforGuffman(1996)
1008,IShotAndyWarhol(1996)
1009,StealingBeauty(1996)
1010,Basquiat(1996)
1011,2DaysintheValley(1996)
1012,PrivateParts(1997)
1013,Anaconda(1997)
1014,RomyandMichele'sHighSchoolReunion(1997)
1015,Shiloh(1997)
1016,ConAir(1997)
1017,TreesLounge(1996)
1018,TieMeUp!TieMeDown!(1990)
1019,Diexueshuangxiong(Killer
1020,Gaslight(1944)
1021,81/2(1963)
1022,Fast
1023,Fathers'Day(1997)
1024,Mrs.Dalloway(1997)
1025,FireDownBelow(1997)
1026,LayoftheLand
1027,Shooter
1028,GrumpierOldMen(1995)
1029,JuryDuty(1995)
1030,BeverlyHillbillies
1031,Lassie(1994)
1032,LittleBigLeague(1994)
1033,HomewardBoundII:LostinSanFrancisco(1996)
1034,Quest
1035,CoolRunnings(1993)
1036,DropDeadFred(1991)
1037,Grease2(1982)
1038,Switchback(1997)
1039,Hamlet(1996)
1040,TwoifbySea(1996)
1041,ForgetParis(1995)
1042,JustCause(1995)
1043,Rent-a-Kid(1995)
1044,Paper
1045,Fearless(1993)
1046,Malice(1993)
1047,Multiplicity(1996)
1048,She'stheOne(1996)
1049,HouseArrest(1996)
1050,GhostandMrs.Muir
1051,Associate
1052,Dracula:DeadandLovingIt(1995)
1053,NowandThen(1995)
1054,Mr.Wrong(1996)
1055,SimpleTwistofFate
1056,Cronos(1992)
1057,Pallbearer
1058,War
1059,Nan
1060,AdventuresofPinocchio
1061,EveningStar
1062,FourDaysinSeptember(1997)
1063,LittlePrincess
1064,Crossfire(1947)
1065,Koyaanisqatsi(1983)
1066,Balto(1995)
1067,BottleRocket(1996)
1068,StarMaker
1069,Amateur(1994)
1070,LivinginOblivion(1995)
1071,PartyGirl(1995)
1072,Pyromaniac'sLoveStory
1073,ShallowGrave(1994)
1074,RealityBites(1994)
1075,ManofNoImportance
1076,Pagemaster
1077,Loveanda.45(1994)
1078,Oliver&Company(1988)
1079,Joe'sApartment(1996)
1080,CelestialClockwork(1994)
1081,Curdled(1996)
1082,FemalePerversions(1996)
1083,AlbinoAlligator(1996)
1084,AnneFrankRemembered(1995)
1085,CarriedAway(1996)
1086,It'sMyParty(1995)
1087,Bloodsport2(1995)
1088,DoubleTeam(1997)
1089,Speed2:CruiseControl(1997)
1090,Sliver(1993)
1091,Pete'sDragon(1977)
1092,DearGod(1996)
1093,LiveNudeGirls(1995)
1094,ThinLineBetweenLoveandHate
1095,HighSchoolHigh(1996)
1096,Commandments(1997)
1097,Hate(Haine
1098,FlirtingWithDisaster(1996)
1099,RedFirecracker
1100,WhatHappenedWas...(1994)
1101,SixDegreesofSeparation(1993)
1102,TwoMuch(1996)
1103,Trust(1990)
1104,C'estarrivéprčsdechezvous(1992)
1105,Firestorm(1998)
1106,NewtonBoys
1107,BeyondRangoon(1995)
1108,FeastofJuly(1995)
1109,DeathandtheMaiden(1994)
1110,TankGirl(1995)
1111,DoubleHappiness(1994)
1112,Cobb(1994)
1113,Mrs.ParkerandtheViciousCircle(1994)
1114,Faithful(1996)
1115,TwelfthNight(1996)
1116,MarkofZorro
1117,SurvivingPicasso(1996)
1118,UpinSmoke(1978)
1119,SomeKindofWonderful(1987)
1120,I'mNotRappaport(1996)
1121,UmbrellasofCherbourg
1122,TheyMadeMeaCriminal(1939)
1123,LastTimeISawParis
1124,FarewelltoArms
1125,Innocents
1126,OldManandtheSea
1127,TrumanShow
1128,HeidiFleiss:HollywoodMadam(1995)
1129,ChungkingExpress(1994)
1130,Jupiter'sWife(1994)
1131,Safe(1995)
1132,FeelingMinnesota(1996)
1133,EscapetoWitchMountain(1975)
1134,GetontheBus(1996)
1135,Doors
1136,GhostsofMississippi(1996)
1137,BeautifulThing(1996)
1138,BestMen(1997)
1139,Hackers(1995)
1140,RoadtoWellville
1141,WarRoom
1142,WhenWeWereKings(1996)
1143,HardEight(1996)
1144,QuietRoom
1145,BlueChips(1994)
1146,CalendarGirl(1993)
1147,MyFamily(1995)
1148,Tom&Viv(1994)
1149,Walkabout(1971)
1150,LastDance(1996)
1151,OriginalGangstas(1996)
1152,InLoveandWar(1996)
1153,Backbeat(1993)
1154,Alphaville(1965)
1155,RendezvousinParis(Rendez-vousdeParis
1156,Cyclo(1995)
1157,Relic
1158,Filleseule
1159,Stalker(1979)
1160,Love!Valour!Compassion!(1997)
1161,Palookaville(1996)
1162,PhatBeach(1996)
1163,PortraitofaLady
1164,ZeusandRoxanne(1997)
1165,BigBully(1996)
1166,Love&HumanRemains(1993)
1167,SumofUs
1168,LittleBuddha(1993)
1169,Fresh(1994)
1170,SpankingtheMonkey(1994)
1171,WildReeds(1994)
1172,Women
1173,Bliss(1997)
1174,Caught(1996)
1175,HugoPool(1997)
1176,WelcomeToSarajevo(1997)
1177,DunstonChecksIn(1996)
1178,MajorPayne(1994)
1179,ManoftheHouse(1995)
1180,ILoveTrouble(1994)
1181,LowDownDirtyShame
1182,CopsandRobbersons(1994)
1183,CowboyWay
1184,EndlessSummer2
1185,IntheArmyNow(1994)
1186,Inkwell
1187,SwitchbladeSisters(1975)
1188,YoungGunsII(1990)
1189,Prefontaine(1997)
1190,ThatOldFeeling(1997)
1191,LetterFromDeathRow
1192,BoysofSt.Vincent
1193,BeforetheRain(Preddozhdot)(1994)
1194,OnceWereWarriors(1994)
1195,StrawberryandChocolate(Fresaychocolate)(1993)
1196,SavageNights(Nuitsfauves
1197,FamilyThing
1198,PurpleNoon(1960)
1199,CemeteryMan(DellamorteDellamore)(1994)
1200,Kim(1950)
1201,MarleneDietrich:ShadowandLight(1996)
1202,Maybe
1203,TopHat(1935)
1204,ToBeorNottoBe(1942)
1205,SecretAgent
1206,Amos&Andrew(1993)
1207,Jade(1995)
1208,KissofDeath(1995)
1209,MixedNuts(1994)
1210,Virtuosity(1995)
1211,BlueSky(1994)
1212,FleshandBone(1993)
1213,GuiltyasSin(1993)
1214,IntheRealmoftheSenses(Ainocorrida)-1976
1215,BarbWire(1996)
1216,Kissed(1996)
1217,Assassins(1995)
1218,Friday(1995)
1219,GoofyMovie
1220,HigherLearning(1995)
1221,WhenaManLovesaWoman(1994)
1222,JudgmentNight(1993)
1223,KingoftheHill(1993)
1224,Scout
1225,Angus(1995)
1226,NightFallsonManhattan(1997)
1227,AwfullyBigAdventure
1228,UnderSiege2:DarkTerritory(1995)
1229,PoisonIvyII(1995)
1230,ReadytoWear(Pret-A-Porter)(1994)
1231,MarkedforDeath(1990)
1232,Madonna:TruthorDare(1991)
1233,NénetteetBoni(1996)
1234,ChairmanoftheBoard(1998)
1235,BigBangTheory
1236,OtherVoices
1237,Twisted(1996)
1238,FullSpeed(1996)
1239,CutthroatIsland(1995)
1240,GhostintheShell(Kokakukidotai)(1995)
1241,Van
1242,OldLadyWhoWalkedintheSea
1243,NightFlier(1997)
1244,Metro(1997)
1245,Gridlock'd(1997)
1246,Bushwhacked(1995)
1247,BadGirls(1994)
1248,Blink(1994)
1249,ForLoveorMoney(1993)
1250,BestoftheBest3:NoTurningBack(1995)
1251,AChefinLove(1996)
1252,Contempt(Mépris
1253,TieThatBinds
1254,GoneFishin'(1997)
1255,BrokenEnglish(1996)
1256,DesignatedMourner
1257,DesignatedMourner
1258,TrialandError(1997)
1259,PieintheSky(1995)
1260,TotalEclipse(1995)
1261,RunoftheCountry
1262,WalkingandTalking(1996)
1263,Foxfire(1996)
1264,NothingtoLose(1994)
1265,StarMaps(1997)
1266,BreadandChocolate(Paneecioccolata)(1973)
1267,Clockers(1995)
1268,BitterMoon(1992)
1269,LoveintheAfternoon(1957)
1270,LifewithMikey(1993)
1271,North(1994)
1272,TalkingAboutSex(1994)
1273,ColorofNight(1994)
1274,Robocop3(1993)
1275,Killer(BulletproofHeart)(1994)
1276,SunsetPark(1996)
1277,SetItOff(1996)
1278,Selena(1997)
1279,WildAmerica(1997)
1280,GangRelated(1997)
1281,Manny&Lo(1996)
1282,GrassHarp
1283,OuttoSea(1997)
1284,BeforeandAfter(1996)
1285,PrincessCaraboo(1994)
1286,ShallWeDance?(1937)
1287,Ed(1996)
1288,DeniseCallsUp(1995)
1289,JackandSarah(1995)
1290,CountryLife(1994)
1291,CelticPride(1996)
1292,SimpleWish
1293,StarKid(1997)
1294,AynRand:ASenseofLife(1997)
1295,KickedintheHead(1997)
1296,IndianSummer(1996)
1297,LoveAffair(1994)
1298,BandWagon
1299,PennySerenade(1941)
1300,'TilThereWasYou(1997)
1301,Stripes(1981)
1302,LateBloomers(1996)
1303,Getaway
1304,NewYorkCop(1996)
1305,NationalLampoon'sSeniorTrip(1995)
1306,DeltaofVenus(1994)
1307,CarmenMiranda:BananasIsMyBusiness(1994)
1308,Babyfever(1994)
1309,VeryNaturalThing
1310,WalkintheSun
1311,WaitingtoExhale(1995)
1312,PompatusofLove
1313,Palmetto(1998)
1314,SurvivingtheGame(1994)
1315,InventingtheAbbotts(1997)
1316,HorseWhisperer
1317,JourneyofAugustKing
1318,Catwalk(1995)
1319,NeonBible
1320,Homage(1995)
1321,OpenSeason(1996)
1322,Metisse(CaféauLait)(1993)
1323,WoodenMan'sBride
1324,Loaded(1994)
1325,August(1996)
1326,Boys(1996)
1327,Captives(1994)
1328,OfLoveandShadows(1994)
1329,LowLife
1330,AnUnforgettableSummer(1994)
1331,LastKlezmer:LeopoldKozlowski
1332,
1333,MidnightDancers(Sibak)(1994)
1334,SomebodytoLove(1994)
1335,AmericanBuffalo(1996)
1336,Kazaam(1996)
1337,LargerThanLife(1996)
1338,TwoDeaths(1995)
1339,StefanoQuantestorie(1993)
1340,CrudeOasis
1341,HeddWyn(1992)
1342,Convent
1343,LottoLand(1995)
1344,StoryofXinghua
1345,DaytheSunTurnedCold
1346,Dingo(1992)
1347,BalladofNarayama
1348,EveryOtherWeekend(1990)
1349,Millebolleblu(1993)
1350,CrowsandSparrows(1949)
1351,Lover'sKnot(1996)
1352,ShadowofAngels(SchattenderEngel)(1976)
1353,1-900(1994)
1354,Venice/Venice(1992)
1355,Infinity(1996)
1356,Ed'sNextMove(1996)
1357,FortheMoment(1994)
1358,TheDeadlyCure(1996)
1359,BoysinVenice(1996)
1360,SexualLifeoftheBelgians
1361,SearchforOne-eyeJimmy
1362,AmericanStrays(1996)
1363,LeopardSon
1364,BirdofPrey(1996)
1365,Johnny100Pesos(1993)
1366,JLG/JLG-autoportraitdedécembre(1994)
1367,Faust(1994)
1368,MinaTannenbaum(1994)
1369,ForbiddenChrist
1370,ICan'tSleep(J'aipassommeil)(1994)
1371,Machine
1372,Stranger
1373,GoodMorning(1971)
1374,FallinginLoveAgain(1980)
1375,CementGarden
1376,MeetWallySparks(1997)
1377,HoteldeLove(1996)
1378,Rhyme&Reason(1997)
1379,LoveandOtherCatastrophes(1996)
1380,HollowReed(1996)
1381,LosingChase(1996)
1382,Bonheur
1383,SecondJungleBook:Mowgli&Baloo
1384,Squeeze(1996)
1385,Roseanna'sGrave(ForRoseanna)(1997)
1386,TetsuoII:BodyHammer(1992)
1387,Fall(1997)
1388,Gabbeh(1996)
1389,Mondo(1996)
1390,InnocentSleep
1391,ForEverMozart(1996)
1392,Locusts
1393,Stag(1997)
1394,SweptfromtheSea(1997)
1395,HurricaneStreets(1998)
1396,Stonewall(1995)
1397,OfHumanBondage(1934)
1398,Anna(1996)
1399,StrangerintheHouse(1997)
1400,PictureBride(1995)
1401,M.Butterfly(1993)
1402,Ciao
1403,CaroDiario(DearDiary)(1994)
1404,WithnailandI(1987)
1405,Boy'sLife2(1997)
1406,WhenNightIsFalling(1995)
1407,Specialist
1408,Gordy(1995)
1409,SwanPrincess
1410,Harlem(1993)
1411,Barbarella(1968)
1412,
1413,StreetFighter(1994)
1414,Coldblooded(1995)
1415,NextKarateKid
1416,NoEscape(1994)
1417,Turning
1418,JoyLuckClub
1419,HighlanderIII:TheSorcerer(1994)
1420,Gilligan'sIsland:TheMovie(1998)
1421,MyCrazyLife(Mividaloca)(1993)
1422,Suture(1993)
1423,WalkingDead
1424,ILikeItLikeThat(1994)
1425,I'llDoAnything(1994)
1426,GraceofMyHeart(1996)
1427,Drunks(1995)
1428,SubUrbia(1997)
1429,SlidingDoors(1998)
1430,IllGottenGains(1997)
1431,LegalDeceit(1997)
1432,Mighty
1433,MenofMeans(1998)
1434,ShootingFish(1997)
1435,StealBig
1436,Mr.Jones(1993)
1437,HouseParty3(1994)
1438,Panther(1995)
1439,Jason'sLyric(1994)
1440,AbovetheRim(1994)
1441,MoonlightandValentino(1995)
1442,ScarletLetter
1443,8Seconds(1994)
1444,ThatDarnCat!(1965)
1445,LadybirdLadybird(1994)
1446,ByeBye
1447,Century(1993)
1448,MyFavoriteSeason(1993)
1449,PatherPanchali(1955)
1450,GoldenEarrings(1947)
1451,ForeignCorrespondent(1940)
1452,LadyofBurlesque(1943)
1453,AngelonMyShoulder(1946)
1454,AngelandtheBadman(1947)
1455,Outlaw
1456,BeattheDevil(1954)
1457,LoveIsAllThereIs(1996)
1458,DamselinDistress
1459,MadameButterfly(1995)
1460,Sleepover(1995)
1461,HereComesCookie(1935)
1462,Thieves(Voleurs
1463,Boys
1464,StarsFellonHenrietta
1465,LastSummerintheHamptons(1995)
1466,Margaret'sMuseum(1995)
1467,SaintofFortWashington
1468,Cure
1469,TomandHuck(1995)
1470,Gumby:TheMovie(1995)
1471,Hideaway(1995)
1472,Visitors
1473,LittlePrincess
1474,NinaTakesaLover(1994)
1475,BhajiontheBeach(1993)
1476,RawDeal(1948)
1477,Nightwatch(1997)
1478,DeadPresidents(1995)
1479,Reckless(1995)
1480,HerbieRidesAgain(1974)
1481,S.F.W.(1994)
1482,GateofHeavenlyPeace
1483,ManintheIronMask
1484,JerkyBoys
1485,ColonelChabert
1486,GirlintheCadillac(1995)
1487,EvenCowgirlsGettheBlues(1993)
1488,Germinal(1993)
1489,Chasers(1994)
1490,Fausto(1993)
1491,ToughandDeadly(1995)
1492,WindowtoParis(1994)
1493,ModernAffair
1494,Mostro
1495,Flirt(1995)
1496,Carpool(1996)
1497,LineKing:AlHirschfeld
1498,Farmer&Chase(1995)
1499,GrosseFatigue(1994)
1500,SantawithMuscles(1996)
1501,PrisoneroftheMountains(KavkazskyPlennik)(1996)
1502,NakedinNewYork(1994)
1503,GoldDiggers:TheSecretofBearMountain(1995)
1504,BewegteMann
1505,Killer:AJournalofMurder(1995)
1506,Nelly&MonsieurArnaud(1995)
1507,ThreeLivesandOnlyOneDeath(1996)
1508,Babysitter
1509,GettingEvenwithDad(1994)
1510,MadDogTime(1996)
1511,ChildrenoftheRevolution(1996)
1512,WorldofApu
1513,Sprung(1997)
1514,DreamWiththeFishes(1997)
1515,WingsofCourage(1995)
1516,WeddingGift
1517,RacetheSun(1996)
1518,LosingIsaiah(1995)
1519,NewJerseyDrive(1995)
1520,Fear
1521,Mr.Wonderful(1993)
1522,TrialbyJury(1994)
1523,GoodManinAfrica
1524,KasparHauser(1993)
1525,ObjectofMyAffection
1526,Witness(1985)
1527,Senseless(1998)
1528,Nowhere(1997)
1529,Underground(1995)
1530,JeffersoninParis(1995)
1531,FarFromHome:TheAdventuresofYellowDog(1995)
1532,ForeignStudent(1994)
1533,
1534,TwinTown(1997)
1535,Enfer
1536,Aiqingwansui(1994)
1537,Cosi(1996)
1538,AllOverMe(1997)
1539,BeingHuman(1993)
1540,AmazingPandaAdventure
1541,BeansofEgypt
1542,ScarletLetter
1543,Johns(1996)
1544,ItTakesTwo(1995)
1545,FrankieStarlight(1995)
1546,Shadows(Cienie)(1988)
1547,Show
1548,TheCourtyard(1995)
1549,DreamMan(1995)
1550,DestinyTurnsontheRadio(1995)
1551,GlassShield
1552,Hunted
1553,Underneath
1554,SafePassage(1994)
1555,SecretAdventuresofTomThumb
1556,ConditionRed(1995)
1557,YankeeZulu(1994)
1558,Aparajito(1956)
1559,HostileIntentions(1994)
1560,CleanSlate(CoupdeTorchon)(1981)
1561,Tigrero:AFilmThatWasNeverMade(1994)
1562,EyeofVichy
1563,Promise
1564,ToCrosstheRubicon(1991)
1565,Daens(1992)
1566,ManfromDownUnder
1567,Careful(1992)
1568,VermontIsForLovers(1992)
1569,Vieestbelle
1570,QuartierMozart(1992)
1571,ToukiBouki(JourneyoftheHyena)(1973)
1572,WendKuuni(God'sGift)(1982)
1573,SpiritsoftheDead(Trepassineldelirio)(1968)
1574,Pharaoh'sArmy(1995)
1575,I
1576,HungarianFairyTale
1577,DeathintheGarden(Mortencejardin
1578,Collectionneuse
1579,BatonRouge(1988)
1580,Liebelei(1933)
1581,WomaninQuestion
1582,T-Men(1947)
1583,Invitation
1584,Symphoniepastorale
1585,AmericanDream(1990)
1586,Lashoushentan(1992)
1587,TerrorinaTexasTown(1958)
1588,Salutcousin!(1996)
1589,Schizopolis(1996)
1590,ToHave
1591,Duoluotianshi(1995)
1592,MagicHour
1593,DeathinBrunswick(1991)
1594,Everest(1998)
1595,Shopping(1994)
1596,Nemesis2:Nebula(1995)
1597,RomperStomper(1992)
1598,CityofIndustry(1997)
1599,SomeoneElse'sAmerica(1995)
1600,Guantanamera(1994)
1601,OfficeKiller(1997)
1602,PriceAboveRubies
1603,Angela(1995)
1604,HeWalkedbyNight(1948)
1605,LoveSerenade(1996)
1606,Deceiver(1997)
1607,HurricaneStreets(1998)
1608,Buddy(1997)
1609,B*A*P*S(1997)
1610,TruthorConsequences
1611,IntimateRelations(1996)
1612,LeadingMan
1613,TokyoFist(1995)
1614,ReluctantDebutante
1615,WarriorsofVirtue(1997)
1616,DesertWinds(1995)
1617,HugoPool(1997)
1618,KingofNewYork(1990)
1619,AllThingsFair(1996)
1620,SixthMan
1621,ButterflyKiss(1995)
1622,Paris
1623,Cérémonie
1624,Hush(1998)
1625,Nightwatch(1997)
1626,NobodyLovesMe(Keinerliebtmich)(1994)
1627,Wife
1628,Lamerica(1994)
1629,NicoIcon(1995)
1630,SilenceofthePalace
1631,Slingshot
1632,LandandFreedom(Tierraylibertad)(1995)
1633,Áköldumklaka(ColdFever)(1994)
1634,EtzHadomimTafus(UndertheDominTree)(1994)
1635,TwoFriends(1986)
1636,BrothersinTrouble(1995)
1637,GirlsTown(1996)
1638,NormalLife(1996)
1639,BitterSugar(AzucarAmargo)(1996)
1640,EighthDay
1641,Dadetown(1995)
1642,SomeMother'sSon(1996)
1643,AngelBaby(1995)
1644,SuddenManhattan(1996)
1645,ButcherBoy
1646,MenWithGuns(1997)
1647,Hana-bi(1997)
1648,Niagara
1649,BigOne
1650,ButcherBoy
1651,SpanishPrisoner
1652,TemptressMoon(FengYue)(1996)
1653,EntertainingAngels:TheDorothyDayStory(1996)
1654,ChairmanoftheBoard(1998)
1655,Favor
1656,LittleCity(1998)
1657,Target(1995)
1658,SubstanceofFire
1659,GettingAwayWithMurder(1996)
1660,SmallFaces(1995)
1661,NewAge
1662,RoughMagic(1995)
1663,NothingPersonal(1995)
1664,8HeadsinaDuffelBag(1997)
1665,Brother'sKiss
1666,Ripe(1996)
1667,NextStep
1668,WeddingBellBlues(1996)
1669,MURDERandmurder(1996)
1670,Tainted(1998)
1671,FurtherGesture
1672,Kika(1993)
1673,Mirage(1995)
1674,MammaRoma(1962)
1675,Sunchaser
1676,WaratHome
1677,SweetNothing(1995)
1678,Mat'isyn(1997)
1679,B.Monkey(1998)
1680,SlidingDoors(1998)
1681,YouSoCrazy(1994)
1682,ScreamofStone(SchreiausStein)(1991)
